{
  "$schema": "https://schema.management.azure.com/schemas/2015-01-01/deploymentTemplate.json#",
  "contentVersion": "1.0.0.0",
  "parameters": {
    "adminUsername": {
      "type": "string",
      "metadata": {
        "description": "Admin username"
      }
    },
    "adminPassword": {
      "type": "securestring",
      "metadata": {
        "description": "Admin password"
      }
    },
    "vmNamePrefix": {
      "type": "string",
      "defaultValue": "az1010301w-vm",
      "metadata": {
        "description": "VM name prefix"
      }
    },
    "nicNamePrefix": {
      "type": "string",
      "defaultValue": "az1010301w-nic",
      "metadata": {
        "description": "Nic name prefix"
      }
    },
    "imagePublisher": {
      "type": "string",
      "defaultValue": "MicrosoftWindowsServer",
      "metadata": {
        "description": "Image Publisher"
      }
    },
    "imageOffer": {
      "type": "string",
      "defaultValue": "WindowsServer",
      "metadata": {
        "description": "Image Offer"
      }
    },
    "imageSKU": {
      "type": "string",
      "defaultValue": "2016-Datacenter",
      "allowedValues": [
        "2016-Datacenter",
        "2016-Datacenter-Server-Core",
        "2016-Datacenter-Server-Core-smalldisk"
      ],
      "metadata": {
        "description": "Image SKU"
      }
    },
    "vmSize": {
      "type": "string",
      "defaultValue": "Standard_DS2_v2",
      "metadata": {
        "description": "VM size"
      }
    },
    "virtualNetworkName": {
      "type": "string",
      "defaultValue": "az1010301-vnet",
      "metadata": {
        "description": "Virtual network name"
      }
    },
    "addressPrefix": {
      "type": "string",
      "defaultValue": "10.101.31.0/24",
      "metadata": {
        "description": "Virtual network address prefix"
      }
    },
    "virtualNetworkResourceGroup": {
      "type": "string",
      "defaultValue": "az1010301w-RG",
      "metadata": {
        "description": "Resource group of the VNet"
      }
    },
    "subnet0Name": {
      "type": "string",
      "defaultValue": "subnet0",
      "metadata": {
        "description": "VNet first subnet name"
      }
    },
    "subnet0Prefix": {
      "type": "string",
      "defaultValue": "10.101.31.0/26",
      "metadata": {
        "description": "First subnet prefix"
      }
    },
    "availabilitySetName": {
      "type": "string",
      "defaultValue": "az1010301w-avset0",
      "metadata": {
        "description": "Availability set name"
      }
    },
    "networkSecurityGroupName": {
      "type": "string",
      "defaultValue": "az1010301w-vm-nsg",
      "metadata": {
        "description": "Network security group name"
      }
    },
    "modulesUrl": {
      "type": "string",
      "defaultValue": "https://github.com/Azure/azure-quickstart-templates/raw/master/dsc-extension-iis-server-windows-vm/ContosoWebsite.ps1.zip",
      "metadata": {
        "description": "URL for the DSC configuration module"
      }
    },
    "configurationFunction": {
      "type": "string",
      "defaultValue": "ContosoWebsite.ps1\\ContosoWebsite",
      "metadata": {
        "description": "DSC configuration function to call"
      }
    }
  },
  "variables": {
    "vnetID": "[resourceId(parameters('virtualNetworkResourceGroup'), 'Microsoft.Network/virtualNetworks', parameters('virtualNetworkName'))]",
    "subnetRef": "[resourceId('Microsoft.Network/virtualNetworks/subnets', parameters('virtualNetworkName'), parameters('subnet0Name'))]",
    "vmExtensionName": "dscExtension",
    "numberOfInstances": 2
  },
  "resources": [
    {
      "type": "Microsoft.Compute/availabilitySets",
      "name": "[parameters('availabilitySetName')]",
      "apiVersion": "2018-06-01",
      "location": "[resourceGroup().location]",
      "sku": {
        "name": "Aligned"
      },
      "properties": {
        "platformFaultDomainCount": "2",
        "platformUpdateDomainCount": "5"
      }
    },
    {
      "name": "[concat(parameters('nicNamePrefix'), copyindex())]",
      "type": "Microsoft.Network/networkInterfaces",
      "apiVersion": "2018-08-01",
      "location": "[resourceGroup().location]",
      "copy": {
        "name": "nicLoop",
        "count": "[variables('numberOfInstances')]"
      },
      "dependsOn": [
        "[concat('Microsoft.Network/networkSecurityGroups/', parameters('networkSecurityGroupName'))]",
        "[resourceId('Microsoft.Network/virtualNetworks/', parameters('virtualNetworkName'))]"
      ],
      "properties": {
        "ipConfigurations": [
          {
            "name": "ipconfig1",
            "properties": {
              "privateIPAllocationMethod": "Dynamic",
              "subnet": {
                "id": "[variables('subnetRef')]"
              }
            }
          }
        ],
        "networkSecurityGroup": {
          "id": "[resourceId('Microsoft.Network/networkSecurityGroups', parameters('networkSecurityGroupName'))]"
        }
      }
    },
    {
      "apiVersion": "2018-08-01",
      "type": "Microsoft.Network/virtualNetworks",
      "name": "[parameters('virtualNetworkName')]",
      "location": "[resourceGroup().location]",
      "properties": {
        "addressSpace": {
          "addressPrefixes": [
            "[parameters('addressPrefix')]"
          ]
        },
        "subnets": [
          {
            "name": "[parameters('subnet0Name')]",
            "properties": {
              "addressPrefix": "[parameters('subnet0Prefix')]"
            }
          }
        ]
      }
    },
    {
      "apiVersion": "2018-06-01",
      "type": "Microsoft.Compute/virtualMachines",
      "name": "[concat(parameters('vmNamePrefix'), copyindex())]",
      "copy": {
        "name": "virtualMachineLoop",
        "count": "[variables('numberOfInstances')]"
      },
      "location": "[resourceGroup().location]",
      "dependsOn": [
        "nicLoop"
      ],
      "properties": {
        "availabilitySet": {
          "id": "[resourceId('Microsoft.Compute/availabilitySets',parameters('availabilitySetName'))]"
        },
        "hardwareProfile": {
          "vmSize": "[parameters('vmSize')]"
        },
        "osProfile": {
          "computerName": "[concat(parameters('vmNamePrefix'), copyIndex())]",
          "adminUsername": "[parameters('adminUsername')]",
          "adminPassword": "[parameters('adminPassword')]"
        },
        "storageProfile": {
          "imageReference": {
            "publisher": "[parameters('imagePublisher')]",
            "offer": "[parameters('imageOffer')]",
            "sku": "[parameters('imageSKU')]",
            "version": "latest"
          },
          "osDisk": {
            "createOption": "FromImage",
            "managedDisk": {
               "storageAccountType": "Standard_LRS"
            }
          }
        },
        "networkProfile": {
          "networkInterfaces": [
            {
              "id": "[resourceId('Microsoft.Network/networkInterfaces',concat(parameters('nicNamePrefix'),copyindex()))]"
            }
          ]
        }
      }
    },
    {
      "name": "[parameters('networkSecurityGroupName')]",
      "type": "Microsoft.Network/networkSecurityGroups",
      "apiVersion": "2018-08-01",
      "location": "[resourceGroup().location]",
      "comments": "Network Security Group (NSG) for Azure VMs NICs",
      "properties": {
        "securityRules": [
          {
            "name": "custom-allow-rdp",
            "properties": {
              "priority": 1000,
              "sourceAddressPrefix": "*",
              "protocol": "Tcp",
              "destinationPortRange": "3389",
              "access": "Allow",
              "direction": "Inbound",
              "sourcePortRange": "*",
              "destinationAddressPrefix": "*"
            }
          },
          {
            "name": "custom-allow-http",
            "properties": {
              "priority": 1100,
              "sourceAddressPrefix": "*",
              "protocol": "Tcp",
              "destinationPortRange": "80",
              "access": "Allow",
              "direction": "Inbound",
              "sourcePortRange": "*",
              "destinationAddressPrefix": "*"
            }
          }
        ]
      }
    },
    {
      "type": "Microsoft.Compute/virtualMachines/extensions",
      "name": "[concat(parameters('vmNamePrefix'), copyindex(), '/', variables('vmExtensionName'))]",
      "copy": {
        "name": "virtualMachineExtensionLoop",
        "count": "[variables('numberOfInstances')]"
      },
      "apiVersion": "2018-06-01",
      "location": "[resourceGroup().location]",
      "dependsOn": [
        "[concat('Microsoft.Compute/virtualMachines/', parameters('vmNamePrefix'), copyindex())]"
      ],
      "properties": {
        "publisher": "Microsoft.Powershell",
        "type": "DSC",
        "typeHandlerVersion": "2.76",
        "autoUpgradeMinorVersion": true,
        "settings": {
          "ModulesUrl": "[parameters('modulesUrl')]",
          "ConfigurationFunction": "[parameters('configurationFunction')]",
          "Properties": {
            "MachineName": "[concat(parameters('vmNamePrefix'), copyindex())]"
          }
        },
        "protectedSettings": null
      }
    }
  ]
}
