{
    "$schema": "https://schema.management.azure.com/schemas/2015-01-01/deploymentParameters.json#",
    "contentVersion": "1.0.0.0",
    "parameters": {
        "adminUsername": {
            "value": "Student"
        },
        "adminPassword": {
            "value": "Pa55w.rd1234"
        },
        "vmNamePrefix": {
            "value": "az1010302w-vm"
        },
        "nicNamePrefix": {
            "value": "az1010302w-nic"
        },
        "imagePublisher": {
            "value": "MicrosoftWindowsServer"
        },
        "imageOffer": {
            "value": "WindowsServer"
        },
        "imageSKU": {
            "value": "2016-Datacenter"
        },
        "vmSize": {
            "value": "Standard_DS2_v2"
        },
        "virtualNetworkName": {
            "value": "az1010302-vnet"
        },
        "addressPrefix": {
            "value": "10.101.32.0/24"
        },
        "virtualNetworkResourceGroup": {
            "value": "az1010302-RG"
        },
        "subnet0Name": {
            "value": "subnet0"
        },
        "subnet0Prefix": {
            "value": "10.101.32.0/26"
        },
        "availabilitySetName": {
            "value": "az1010302w-avset"
        },
        "networkSecurityGroupName": {
            "value": "az1010302w-vm-nsg"
        },
        "modulesUrl": {
            "value": "https://github.com/Azure/azure-quickstart-templates/raw/master/dsc-extension-iis-server-windows-vm/ContosoWebsite.ps1.zip"
        },
        "configurationFunction": {
            "value": "ContosoWebsite.ps1\\ContosoWebsite"
        }
    }
}
