{
    "$schema": "https://schema.management.azure.com/schemas/2015-01-01/deploymentTemplate.json#",
    "contentVersion": "1.0.0.0",
    "parameters": {
        "vmSize": {
            "type": "string",
            "defaultValue": "Standard_DS1_v2",
            "metadata": {
                "description": "VM size"
            }
        },
        "vmName": {
           "type": "string",
            "defaultValue": "az1000402-vm3",
            "metadata": {
                "description": "VM name"
            }
        },
        "adminUsername": {
            "type": "string",
            "metadata": {
                "description": "Admin username"
            }
        },
        "adminPassword": {
            "type": "securestring",
            "metadata": {
                "description": "Admin password"
            }
        },
        "virtualNetworkName": {
            "type": "string",
            "defaultValue": "az1000402-vnet2",
            "metadata": {
                "description": "Virtual network name"
            }
        }
    },
    "variables": {
        "vmName": "[parameters('vmName')]",
        "nic3": "az1000402-nic3",
        "virtualNetworkName": "[parameters('virtualNetworkName')]",
        "subnet0Name": "subnet0",
        "publicIPAddressName": "az1000402-pip3",
        "subnet0Ref": "[resourceId('Microsoft.Network/virtualNetworks/subnets', variables('virtualNetworkName'), variables('subnet0Name'))]",
        "networkSecurityGroupName": "az1000402-nsg3"
    },
    "resources": [
        {
            "name": "[variables('vmName')]",
            "type": "Microsoft.Compute/virtualMachines",
            "apiVersion": "2018-06-01",
            "location": "[resourceGroup().location]",
            "comments": "The third VM",
            "dependsOn": [
                "[variables('nic3')]"
            ],
            "properties": {
                "osProfile": {
                    "computerName": "[variables('vmName')]",
                    "adminUsername": "[parameters('adminUsername')]",
                    "adminPassword": "[parameters('adminPassword')]",
                    "windowsConfiguration": {
                        "provisionVmAgent": "true"
                    }
                },
                "hardwareProfile": {
                    "vmSize": "[parameters('vmSize')]"
                },
                "storageProfile": {
                    "imageReference": {
                        "publisher": "MicrosoftWindowsServer",
                        "offer": "WindowsServer",
                        "sku": "2016-Datacenter",
                        "version": "latest"
                    },
                    "osDisk": {
                        "createOption": "fromImage"
                    },
                    "dataDisks": []
                },
                "networkProfile": {
                    "networkInterfaces": [
                        {
                            "properties": {
                                "primary": true
                            },
                            "id": "[resourceId('Microsoft.Network/networkInterfaces', variables('nic3'))]"
                        }
                    ]
                }
            }
        },
        {
            "type": "Microsoft.Network/virtualNetworks",
            "name": "[variables('virtualNetworkName')]",
            "apiVersion": "2018-08-01",
            "location": "[resourceGroup().location]",
            "comments": "Virtual Network",
            "properties": {
                "addressSpace": {
                    "addressPrefixes": [
                        "10.204.0.0/16"
                    ]
                },
                "subnets": [
                    {
                        "name": "[variables('subnet0Name')]",
                        "properties": {
                            "addressPrefix": "10.204.0.0/24"
                        }
                    }
                ]
            }
        },
        {
            "name": "[variables('nic3')]",
            "type": "Microsoft.Network/networkInterfaces",
            "apiVersion": "2018-08-01",
            "location": "[resourceGroup().location]",
            "comments": "NIC of the third VM",
            "dependsOn": [
                "[variables('publicIpAddressName')]",
                "[variables('networkSecurityGroupName')]",
                "[variables('virtualNetworkName')]"
            ],
            "properties": {
                "ipConfigurations": [
                    {
                        "name": "ipconfig1",
                        "properties": {
                            "subnet": {
                                "id": "[variables('subnet0Ref')]"
                            },
                            "privateIPAllocationMethod": "Dynamic",
                            "publicIpAddress": {
                                "id": "[resourceId('Microsoft.Network/publicIpAddresses', variables('publicIpAddressName'))]"
                            }
                        }
                    }
                ],
                "networkSecurityGroup": {
                    "id": "[resourceId('Microsoft.Network/networkSecurityGroups', variables('networkSecurityGroupName'))]"
                }
            }
        },
        {
            "name": "[variables('publicIpAddressName')]",
            "type": "Microsoft.Network/publicIpAddresses",
            "apiVersion": "2018-08-01",
            "location": "[resourceGroup().location]",
            "comments": "Public IP for NIC of the third VM",
            "properties": {
                "publicIpAllocationMethod": "Dynamic"
            }
        },
        {
            "name": "[variables('networkSecurityGroupName')]",
            "type": "Microsoft.Network/networkSecurityGroups",
            "apiVersion": "2018-08-01",
            "location": "[resourceGroup().location]",
            "comments": "NSG for NIC of the third VM",
            "properties": {
                "securityRules": [
                    {
                        "name": "default-allow-rdp",
                        "properties": {
                            "priority": 1000,
                            "sourceAddressPrefix": "*",
                            "protocol": "Tcp",
                            "destinationPortRange": "3389",
                            "access": "Allow",
                            "direction": "Inbound",
                            "sourcePortRange": "*",
                            "destinationAddressPrefix": "*"
                        }
                    }
                ]
            }
        }
    ],
    "outputs": {}
}
